name,mass,year,reclat,reclong,GeoLocation
Hoba,60000000,1920,-19.58333,17.91667,"(-19.583330, 17.916670)"
Cape York,58200000,1818,76.13333,-64.93333,"(76.133330, -64.933330)"
Campo del Cielo,50000000,1575,-27.46667,-60.58333,"(-27.466670, -60.583330)"
Canyon Diablo,30000000,1891,35.05,-111.03333,"(35.050000, -111.033330)"
Armanty,28000000,1898,47,88,"(47.000000, 88.000000)"
Gibeon,26000000,1836,-25.5,18,"(-25.500000, 18.000000)"
Chupaderos,24300000,1852,27,-105.1,"(27.000000, -105.100000)"
Mundrabilla,24000000,1911,-30.78333,127.55,"(-30.783330, 127.550000)"
Sikhote-Alin,23000000,1947,46.16,134.65333,"(46.160000, 134.653330)"
Bacubirito,22000000,1863,26.2,-107.83333,"(26.200000, -107.833330)"
Mbosi,16000000,1930,-9.11667,33.06667,"(-9.116670, 33.066670)"
Willamette,15500000,1902,45.36667,-122.58333,"(45.366670, -122.583330)"
Morito,10100000,1600,27.05,-105.43333,"(27.050000, -105.433330)"
Nantan,9500000,1958,25.1,107.7,"(25.100000, 107.700000)"
Cranbourne,8600000,1854,-38.1,145.3,"(-38.100000, 145.300000)"
Santa Catharina,7000000,1875,-26.21667,-48.6,"(-26.216670, -48.600000)"
Bendegó,5360000,1784,-10.11667,-39.2,"(-10.116670, -39.200000)"
Brenham,4300000,1882,37.5825,-99.16361,"(37.582500, -99.163610)"
Jilin,4000000,1976,44.05,126.16667,"(44.050000, 126.166670)"
Vaca Muerta,3828000,1861,-25.75,-70.5,"(-25.750000, -70.500000)"
Youndegin,3800000,1884,-32.1,117.71667,"(-32.100000, 117.716670)"
Al Haggounia 001,3000000,2006,27.5,-12.5,"(27.500000, -12.500000)"
Toluca,3000000,1776,19.56667,-99.56667,"(19.566670, -99.566670)"
Xifu,3000000,2004,36.3,120.48333,"(36.300000, 120.483330)"
Yingde,3000000,1964,24.2,113.4,"(24.200000, 113.400000)"
Old Woman,2753000,1976,34.46667,-115.23333,"(34.466670, -115.233330)"
Wabar,2550000,1863,21.49972,50.47222,"(21.499720, 50.472220)"
Huckitta,2300000,1924,-22.36667,135.76667,"(-22.366670, 135.766670)"
Navajo,2184000,1921,35.33333,-109.5,"(35.333330, -109.500000)"
Coahuila,2100000,1837,28.7,-102.73333,"(28.700000, -102.733330)"
Allende,2000000,1969,26.96667,-105.31667,"(26.966670, -105.316670)"
Campinorte,2000000,1992,-14.258,-49.15917,"(-14.258000, -49.159170)"
Henbury,2000000,1931,-24.56667,133.16667,"(-24.566670, 133.166670)"
Zhaoping,2000000,1983,24.23333,111.18333,"(24.233330, 111.183330)"
Santa Luzia,1918000,1921,-16.26667,-47.95,"(-16.266670, -47.950000)"
Ghubara,1750000,1954,19.22778,56.14278,"(19.227780, 56.142780)"
Gebel Kamil,1600000,2009,22.01833,26.08778,"(22.018330, 26.087780)"
Odessa (iron),1600000,1922,31.71667,-102.4,"(31.716670, -102.400000)"
Casas Grandes,1545000,1867,30.4,-107.8,"(30.400000, -107.800000)"
Bitburg,1500000,1805,49.96667,6.53333,"(49.966670, 6.533330)"
Quinn Canyon,1450000,1908,38.08333,-115.53333,"(38.083330, -115.533330)"
Charcas,1400000,1804,23.08333,-101.01667,"(23.083330, -101.016670)"
Santa Apolonia,1316000,1872,19.21667,-98.3,"(19.216670, -98.300000)"
Tsarev,1225300,1968,48.7,45.7,"(48.700000, 45.700000)"
Alkhamasin,1200000,1973,20.6,44.88333,"(20.600000, 44.883330)"
Kouga Mountains,1173000,1903,-33.61667,24,"(-33.616670, 24.000000)"
Goose Lake,1169500,1938,41.98,-120.54167,"(41.980000, -120.541670)"
Murnpeowie,1143000,1909,-29.58333,139.9,"(-29.583330, 139.900000)"
Kunya-Urgench,1100000,1998,42.25,59.2,"(42.250000, 59.200000)"
Norton County,1100000,1948,39.68333,-99.86667,"(39.683330, -99.866670)"
Fukang,1003000,2000,44.43333,87.63333,"(44.433330, 87.633330)"
Bilibino,1000000,1981,67.3,160.8,"(67.300000, 160.800000)"
Zacatecas (1792),1000000,1792,22.81667,-102.56667,"(22.816670, -102.566670)"
Los Sauces,997000,1937,-29.41667,-66.85,"(-29.416670, -66.850000)"
Tucson,975000,1850,31.85,-110.96667,"(31.850000, -110.966670)"
Cosby's Creek,960000,1837,35.78333,-83.25,"(35.783330, -83.250000)"
Imilac,920000,1822,-24.20333,-68.80667,"(-24.203330, -68.806670)"
Zhigansk,900000,1966,68,128.3,"(68.000000, 128.300000)"
Bondoc,888600,1956,13.51667,122.45,"(13.516670, 122.450000)"
Santa Rosa,825000,1810,5.91667,-73,"(5.916670, -73.000000)"
Brahin,823000,1810,52.5,30.33333,"(52.500000, 30.333330)"
Red River,800000,1808,32,-95,"(32.000000, -95.000000)"
Sardis,800000,1940,32.94889,-81.865,"(32.948890, -81.865000)"
Wolf Creek,760000,1947,-19.3,127.76667,"(-19.300000, 127.766670)"
Esquel,755000,1951,-42.9,-71.33333,"(-42.900000, -71.333330)"
Gladstone (iron),736600,1915,-23.9,151.3,"(-23.900000, 151.300000)"
Mount Dooling,734000,1909,-29.45,119.71667,"(-29.450000, 119.716670)"
Krasnojarsk,700000,1749,54.9,91.8,"(54.900000, 91.800000)"
Plainview (1917),700000,1917,34.11667,-101.78333,"(34.116670, -101.783330)"
Davis Mountains,689000,1903,30.75,-104.25,"(30.750000, -104.250000)"
Arispe,683000,1896,30.33333,-109.98333,"(30.333330, -109.983330)"
Zerhamra,630000,1967,29.85861,-2.645,"(29.858610, -2.645000)"
Itapuranga,628000,,-15.58333,-50.15,"(-15.583330, -50.150000)"
La Caille,626000,1828,43.73333,6.78333,"(43.733330, 6.783330)"
Jianshi,600000,1890,30.80833,109.5,"(30.808330, 109.500000)"
Adzhi-Bogdo (iron),582000,1952,44.86667,95.41667,"(44.866670, 95.416670)"
Long Island,564000,1891,39.93333,-99.6,"(39.933330, -99.600000)"
Jiddat al Harasis 073,550000,2002,19.7,55.73333,"(19.700000, 55.733330)"
Rateldraai,549000,1909,-28.83333,21.13333,"(-28.833330, 21.133330)"
Drum Mountains,529000,1944,39.5,-112.9,"(39.500000, -112.900000)"
Grant,525000,1929,35.16667,-107.88333,"(35.166670, -107.883330)"
Tamentit,510000,1864,27.71667,-0.25,"(27.716670, -0.250000)"
Trenton,505000,1858,43.36667,-88.13333,"(43.366670, -88.133330)"
Haig,503000,1951,-31.38333,125.63333,"(-31.383330, 125.633330)"
Knyahinya,500000,1866,48.9,22.4,"(48.900000, 22.400000)"
Ochansk,500000,1887,57.78333,55.26667,"(57.783330, 55.266670)"
Boxhole,500000,1937,-22.61667,135.2,"(-22.616670, 135.200000)"
El Timbu,500000,1942,-33.11667,-60.96667,"(-33.116670, -60.966670)"
Prambanan,500000,1797,-7.56667,110.83333,"(-7.566670, 110.833330)"
Wildara,500000,1968,-28.23333,120.85,"(-28.233330, 120.850000)"
Jepara,499500,2008,-6.6,110.73333,"(-6.600000, 110.733330)"
Saint-Aubin,472000,1968,48.48333,3.58333,"(48.483330, 3.583330)"
Carbo,454000,1923,29.66667,-111.5,"(29.666670, -111.500000)"
Etter,450000,1965,35.98333,-101.9,"(35.983330, -101.900000)"
Sayh al Uhaymir 001,450000,2000,20.51667,56.66667,"(20.516670, 56.666670)"
Wallapai,430000,1927,35.8,-113.7,"(35.800000, -113.700000)"
Yanhuitlan,421000,1825,17.53333,-97.35,"(17.533330, -97.350000)"
Sahara 02500,410850,2001,,,
Paragould,408000,1930,36.06667,-90.5,"(36.066670, -90.500000)"
Allan Hills A76009,407000,1976,-76.71667,159.66667,"(-76.716670, 159.666670)"
Augustinovka,400000,1890,48.06667,35.08333,"(48.066670, 35.083330)"
Pei Xian,400000,1917,34.7,117,"(34.700000, 117.000000)"
Mount Joy,384000,1887,39.78333,-77.21667,"(39.783330, -77.216670)"
Mont Dieu,360000,1994,49.55,4.86667,"(49.550000, 4.866670)"
Hugoton,350000,1927,37.2,-101.35,"(37.200000, -101.350000)"
Longtian,350000,1991,27.35,108.5,"(27.350000, 108.500000)"
Kokstad,341000,1884,-30.55,29.41667,"(-30.550000, 29.416670)"
Bjurböle,330000,1899,60.4,25.8,"(60.400000, 25.800000)"
Millbillillie,330000,1960,-26.45,120.36667,"(-26.450000, 120.366670)"
Mount Edith,326000,1913,-22.5,116.16667,"(-22.500000, 116.166670)"
Sterlitamak,325000,1990,53.66667,55.98333,"(53.666670, 55.983330)"
Seymchan,323300,1967,62.9,152.43333,"(62.900000, 152.433330)"
Estherville,320000,1879,43.41667,-94.83333,"(43.416670, -94.833330)"
Tamarugal,320000,1903,-20.8,-69.66667,"(-20.800000, -69.666670)"
Guffey,309000,1907,38.76667,-105.51667,"(38.766670, -105.516670)"
Nova Petropolis,305000,1967,-29.43333,-50.91667,"(-29.433330, -50.916670)"
Bruderheim,303000,1960,53.9,-112.88333,"(53.900000, -112.883330)"
Gressk,303000,1955,53.23333,27.33333,"(53.233330, 27.333330)"
Mocs,300000,1882,46.8,24.03333,"(46.800000, 24.033330)"
Putinga,300000,1937,-29.03333,-53.05,"(-29.033330, -53.050000)"
North Chile,300000,1875,-23,-69,"(-23.000000, -69.000000)"
Northwest Africa 4037,300000,2005,,,
Tianlin,300000,1956,24.3,106.1,"(24.300000, 106.100000)"
Morland,295000,1890,39.33333,-100.06667,"(39.333330, -100.066670)"
Bur-Abor,290000,1997,3.98333,41.65,"(3.983330, 41.650000)"
Estacado,290000,1883,33.9,-101.75,"(33.900000, -101.750000)"
Morasko,290000,1914,52.46667,16.9,"(52.466670, 16.900000)"
Clovis (no. 1),283000,1961,34.3,-103.13472,"(34.300000, -103.134720)"
Rio Limay,280000,1995,-39.85,-69.48333,"(-39.850000, -69.483330)"
Sanclerlandia,279000,1971,-16.21667,-50.3,"(-16.216670, -50.300000)"
South Dahna,275000,1957,22.56667,48.3,"(22.566670, 48.300000)"
Mount Padbury,272000,1964,-25.66667,118.1,"(-25.666670, 118.100000)"
Saint-Séverin,271000,1966,45.3,0.23333,"(45.300000, 0.233330)"
Lake Murray,270000,1933,34.1,-97,"(34.100000, -97.000000)"
Miles,265000,1992,-27.83333,150.33333,"(-27.833330, 150.333330)"
Potter,261000,1941,41.23333,-103.3,"(41.233330, -103.300000)"
Suizhou,260000,1986,31.61667,113.46667,"(31.616670, 113.466670)"
Tishomingo,260000,1965,34.25,-96.68333,"(34.250000, -96.683330)"
Dalgety Downs,257000,1941,-25.33333,116.18333,"(-25.333330, 116.183330)"
Boguslavka,256000,1916,44.55,131.63333,"(44.550000, 131.633330)"
Dhofar 020,256000,2000,19.03333,54.51667,"(19.033330, 54.516670)"
Uegit,252000,1921,3.81667,43.33333,"(3.816670, 43.333330)"
Omolon,250000,1981,64.02,161.80833,"(64.020000, 161.808330)"
Pultusk,250000,1868,52.76667,21.26667,"(52.766670, 21.266670)"
Netschaëvo,250000,1846,54.23333,35.15,"(54.233330, 35.150000)"
Shangdu,247000,1957,42.5,114,"(42.500000, 114.000000)"
St. Genevieve County,244500,1888,37.96667,-90.31667,"(37.966670, -90.316670)"
El Hammami,240000,1997,23.28333,-10.81667,"(23.283330, -10.816670)"
Northwest Africa 4528,239976,2006,,,
Sacramento Mountains,237200,1890,32.91667,-104.66667,"(32.916670, -104.666670)"
Homestead,230000,1875,41.8,-91.86667,"(41.800000, -91.866670)"
New Concord,230000,1860,40,-81.76667,"(40.000000, -81.766670)"
Muonionalusta,230000,1906,67.8,23.1,"(67.800000, 23.100000)"
Alfianello,228000,1883,45.26667,10.15,"(45.266670, 10.150000)"
Bear Creek,227000,1866,39.6,-105.3,"(39.600000, -105.300000)"
Holbrook,220000,1912,34.9,-110.18333,"(34.900000, -110.183330)"
Guixi,220000,,28.28333,117.18333,"(28.283330, 117.183330)"
Youxi,218000,2006,26.06,118.01,"(26.060000, 118.010000)"
Acuña,217700,1981,29.31667,-100.96667,"(29.316670, -100.966670)"
Ssyromolotovo,217000,1873,58.61667,98.93333,"(58.616670, 98.933330)"
Chinga,209400,1913,51.05833,94.4,"(51.058330, 94.400000)"
Kainsaz,200000,1937,55.43333,53.25,"(55.433330, 53.250000)"
Kunashak,200000,1949,55.78333,61.36667,"(55.783330, 61.366670)"
Saratov,200000,1918,52.55,46.55,"(52.550000, 46.550000)"
Barratta,200000,1845,-35.3,144.56667,"(-35.300000, 144.566670)"
Dimmitt,200000,1942,34.58333,-102.16667,"(34.583330, -102.166670)"
Jiddat al Harasis 055,200000,2004,19.65167,55.69,"(19.651670, 55.690000)"
Liangcheng,200000,1959,40.5,112.5,"(40.500000, 112.500000)"
Moshesh,200000,,-30.1,28.71667,"(-30.100000, 28.716670)"
Northwest Africa 4544,200000,2006,,,
Northwest Africa 4561,200000,2006,,,
Patos de Minas (octahedrite),200000,1925,-18.58333,-46.53333,"(-18.583330, -46.533330)"
Porto Alegre,200000,2005,-30.03306,-51.23,"(-30.033060, -51.230000)"
Pallasovka,198000,1990,49.86667,46.61167,"(49.866670, 46.611670)"
Kenton County,194000,1889,38.81667,-84.6,"(38.816670, -84.600000)"
Owens Valley,192800,1913,37.46667,-118,"(37.466670, -118.000000)"
Guanghua,190000,1932,32.4,111.7,"(32.400000, 111.700000)"
Admire,180000,1881,38.7,-96.1,"(38.700000, -96.100000)"
Northwest Africa 2924,180000,2005,,,
Travis County (a),175400,1889,30.3,-97.7,"(30.300000, -97.700000)"
Zag,175000,1998,27.33333,-9.33333,"(27.333330, -9.333330)"
Iron Creek,175000,1869,53,-112,"(53.000000, -112.000000)"
Tanokami Mountain,174000,1885,34.91667,135.96667,"(34.916670, 135.966670)"
Tamir-Tsetserleg,173000,1956,47.45,101.47917,"(47.450000, 101.479170)"
Owasco,168400,1984,41.2,-103.68333,"(41.200000, -103.683330)"
Madoc,168000,1854,44.5,-77.46667,"(44.500000, -77.466670)"
Manlai,166800,1954,44.33333,106.5,"(44.333330, 106.500000)"
Djati-Pengilon,166000,1884,-7.5,111.5,"(-7.500000, 111.500000)"
Durango,164000,1804,,,
São Julião de Moreira,162000,1883,41.76611,-8.58361,"(41.766110, -8.583610)"
Zaragoza,162000,,41.65,-0.86667,"(41.650000, -0.866670)"
Knowles,161000,1903,36.9,-100.21667,"(36.900000, -100.216670)"
Tenham,160000,1879,-25.73333,142.95,"(-25.733330, 142.950000)"
Garabato,160000,1995,-28.86667,-60.2,"(-28.866670, -60.200000)"
Qijiaojing,160000,2003,43.75,92.91667,"(43.750000, 92.916670)"
Mount Vernon,159000,1868,36.93333,-87.4,"(36.933330, -87.400000)"
Longchang,158500,1781,29.3,105.3,"(29.300000, 105.300000)"
Kimble County,153800,1918,30.41667,-99.4,"(30.416670, -99.400000)"
Bluff (a),153300,1878,29.87861,-96.87222,"(29.878610, -96.872220)"
Forest City,152000,1890,43.25,-93.66667,"(43.250000, -93.666670)"
Glasatovo,152000,1918,57.35,37.61667,"(57.350000, 37.616670)"
Northwest Africa 5940,151000,2009,0,0,"(0.000000, 0.000000)"
Yardymly,150200,1959,38.93333,48.25,"(38.933330, 48.250000)"
Mbale,150000,1992,1.06667,34.16667,"(1.066670, 34.166670)"
Olivenza,150000,1924,38.71667,-7.06667,"(38.716670, -7.066670)"
Weston,150000,1807,41.266667,-73.266667,"(41.266667, -73.266667)"
Wiluna,150000,1967,-26.59278,120.32833,"(-26.592780, 120.328330)"
Jalu,150000,2000,27.95833,21.68333,"(27.958330, 21.683330)"
Magura,150000,1840,49.33333,19.48333,"(49.333330, 19.483330)"
McKinney,150000,1870,33.18333,-96.71667,"(33.183330, -96.716670)"
Paneth's Iron,150000,1873,,,
Tres Castillos,150000,1992,29.47,-105.8,"(29.470000, -105.800000)"
Tres Estacas,150000,1968,,,
Montferré,149000,1923,43.39056,1.9625,"(43.390560, 1.962500)"
Orange River (iron),148800,1855,-30,25,"(-30.000000, 25.000000)"
Camp Wood,148000,,29.7725,-99.875,"(29.772500, -99.875000)"
Glorieta Mountain,148000,1884,35.6,-105.8,"(35.600000, -105.800000)"
Gilgoin,147000,1889,-30.38333,147.2,"(-30.383330, 147.200000)"
Wichita County,145000,1836,34.06667,-98.91667,"(34.066670, -98.916670)"
Molina,144000,1858,38.11667,-1.16667,"(38.116670, -1.166670)"
El Sampal,142000,1973,-44.53333,-70.36667,"(-44.533330, -70.366670)"
Keyes,142000,1939,36.71667,-102.5,"(36.716670, -102.500000)"
Tambo Quemado,141000,1950,-14.66667,-74.5,"(-14.666670, -74.500000)"
Ysleta,140700,1914,31.65,-106.18333,"(31.650000, -106.183330)"
Selma,140600,1906,32.4,-87,"(32.400000, -87.000000)"
Huizopa,140000,1907,28.9,-108.56667,"(28.900000, -108.566670)"
Ider,140000,1957,34.68333,-85.65,"(34.683330, -85.650000)"
Korra Korrabes,140000,1996,-25.2,18.08333,"(-25.200000, 18.083330)"
Brainard,138300,1978,41.15333,-96.955,"(41.153330, -96.955000)"
Derrick Peak A78009,138100,1978,-80.06667,156.38333,"(-80.066670, 156.383330)"
Babb's Mill (Blake's Iron),136000,1876,36.3,-82.88333,"(36.300000, -82.883330)"
Cape of Good Hope,136000,1793,-33.5,26,"(-33.500000, 26.000000)"
Kesen,135000,1850,38.98333,141.61667,"(38.983330, 141.616670)"
Colomera,134000,1912,37.43333,-3.65,"(37.433330, -3.650000)"
Carnegie,132700,1963,35.16667,-98.64389,"(35.166670, -98.643890)"
Araslanovo,132000,1973,55.14167,48.2,"(55.141670, 48.200000)"
Karavannoe,132000,,57.78117,47.67967,"(57.781170, 47.679670)"
Yenberrie,132000,1918,-14.25,132.01667,"(-14.250000, 132.016670)"
Dong Ujimqin Qi,128800,1995,45.5,119.03333,"(45.500000, 119.033330)"
Chebankol,127760,1938,53.66667,88,"(53.666670, 88.000000)"
Ozona,127500,1929,30.73333,-101.3,"(30.733330, -101.300000)"
Ensisheim,127000,1491,47.86667,7.35,"(47.866670, 7.350000)"
Carthage,127000,1840,36.26667,-85.98333,"(36.266670, -85.983330)"
Dhofar 005,125500,2000,18.16667,54.16667,"(18.166670, 54.166670)"
Jiddat al Harasis 091,123374,2002,19.69362,56.65432,"(19.693620, 56.654320)"
Bur-Gheluai,120000,1919,5,48,"(5.000000, 48.000000)"
Northwest Africa 1172,120000,2000,,,
Santiago Papasquiero,119500,1958,24.5,-106,"(24.500000, -106.000000)"
Youanmi,118400,1917,-29.5,118.75,"(-29.500000, 118.750000)"
Duketon,118300,1948,-27.5,122.36667,"(-27.500000, 122.366670)"
Bencubbin,118000,1930,-30.75,117.78333,"(-30.750000, 117.783330)"
Scurry,118000,1937,32.5,-101,"(32.500000, -101.000000)"
Para de Minas,116300,1934,-19.86667,-44.61667,"(-19.866670, -44.616670)"
Northwest Africa 6947,115777,2011,0,0,"(0.000000, 0.000000)"
Cleveland,115000,1860,34.88333,-84.78333,"(34.883330, -84.783330)"
Tafassasset,114000,2000,20.76333,10.44167,"(20.763330, 10.441670)"
Caperr,113900,1869,-45.28333,-70.48333,"(-45.283330, -70.483330)"
Buenaventura,113600,1969,29.8,-107.55,"(29.800000, -107.550000)"
Northwest Africa 1430,113000,2001,,,
Gundaring,112500,1937,-33.3,117.66667,"(-33.300000, 117.666670)"
Oakley (iron),111000,1926,42.33333,-113.7,"(42.333330, -113.700000)"
Florey,110800,1978,32.5225,-102.705,"(32.522500, -102.705000)"
Etosha,110700,1970,-18.5,16,"(-18.500000, 16.000000)"
Lewis Cliff 85320,110224,1985,-84.26223,161.41628,"(-84.262230, 161.416280)"
Mount Tazerzait,110000,1991,18.7,4.8,"(18.700000, 4.800000)"
Sulagiri,110000,2008,12.66667,78.03333,"(12.666670, 78.033330)"
Lenarto,108500,1814,49,21,"(49.000000, 21.000000)"
Abee,107000,1952,54.21667,-113,"(54.216670, -113.000000)"
Elbogen,107000,1399,50.18333,12.73333,"(50.183330, 12.733330)"
Zhovtnevyi,107000,1938,47.58333,37.25,"(47.583330, 37.250000)"
Tiberrhamine,107000,1967,28.11667,0.53333,"(28.116670, 0.533330)"
Cook 001,105000,1989,-30.33333,130.53333,"(-30.333330, 130.533330)"
Faith,105000,1952,45.33333,-102.08333,"(45.333330, -102.083330)"
Chico,104800,1954,36.5,-104.2,"(36.500000, -104.200000)"
Colby (Wisconsin),104000,1917,44.9,-90.28333,"(44.900000, -90.283330)"
Juncal,104000,1866,-26,-69.25,"(-26.000000, -69.250000)"
Molong,104000,1912,-33.28333,148.88333,"(-33.283330, 148.883330)"
Udei Station,103000,1927,7.95,8.08333,"(7.950000, 8.083330)"
Rifle,102700,1948,38.51667,-107.83333,"(38.516670, -107.833330)"
Seeläsgen,102000,1847,52.26667,15.55,"(52.266670, 15.550000)"
Sevrukovo,101000,1874,50.61667,36.6,"(50.616670, 36.600000)"
Chelyabinsk,100000,2013,54.81667,61.11667,"(54.816670, 61.116670)"
Chergach ,100000,2007,23.69639,-5.01472,"(23.696390, -5.014720)"
Gujba,100000,1984,11.49167,11.65833,"(11.491670, 11.658330)"
Juancheng,100000,1997,35.5,115.41667,"(35.500000, 115.416670)"
Kidairat,100000,1983,14,28,"(14.000000, 28.000000)"
Murchison,100000,1969,-36.61667,145.2,"(-36.616670, 145.200000)"
Paranaiba,100000,1956,-19.13333,-51.66667,"(-19.133330, -51.666670)"
Tamdakht,100000,2008,31.16333,-7.015,"(31.163330, -7.015000)"
Agoudal,100000,2000,31.98457,-5.51528,"(31.984570, -5.515280)"
Anyujskij,100000,1981,66.9,164.2,"(66.900000, 164.200000)"
Bou Azarif,100000,2010,31.15643,-5.15262,"(31.156430, -5.152620)"
Budulan,100000,1962,50.56667,114.9,"(50.566670, 114.900000)"
Cook 007,100000,1989,-30.61667,130.41667,"(-30.616670, 130.416670)"
Dimitrovgrad,100000,1949,43.04639,22.86389,"(43.046390, 22.863890)"
Faucett,100000,1966,39.61667,-94.86667,"(39.616670, -94.866670)"
Franconia,100000,2002,34.71637,-114.22197,"(34.716370, -114.221970)"
Lutschaunig's Stone,100000,1861,-27,-70,"(-27.000000, -70.000000)"
Northwest Africa 2239,100000,2002,,,
Northwest Africa 2965,100000,2005,,,
Northwest Africa 4502,100000,2005,0,0,"(0.000000, 0.000000)"
Pierceville (iron),100000,1917,37.86667,-100.66667,"(37.866670, -100.666670)"
Retuerta del Bullaque,100000,1980,39.45889,-4.3775,"(39.458890, -4.377500)"
Zhongxiang,100000,1981,31.2,112.5,"(31.200000, 112.500000)"
Social Circle,99300,1927,33.7,-83.7,"(33.700000, -83.700000)"
Steinbach,98000,1724,50.5,12.5,"(50.500000, 12.500000)"
Palmas de Monte Alto,97000,1954,-14.3675,-43.02278,"(-14.367500, -43.022780)"
Zavid,95000,1897,44.4,19.11667,"(44.400000, 19.116670)"
Dar al Gani 749,95000,1999,27.30167,15.7645,"(27.301670, 15.764500)"
Northwest Africa 1778,95000,2002,,,
Loreto,94800,1896,26.01667,-111.36667,"(26.016670, -111.366670)"
Weekeroo Station,94200,1924,-32.26667,139.86667,"(-32.266670, 139.866670)"
Carver,94000,1935,32,-86,"(32.000000, -86.000000)"
Concho,93500,1939,32,-101.5,"(32.000000, -101.500000)"
Machinga,93200,1981,-15.21222,35.24222,"(-15.212220, 35.242220)"
Watson 001,93000,1972,-30.5,131.55,"(-30.500000, 131.550000)"
Wiltshire,92750,,51.14967,-1.81,"(51.149670, -1.810000)"
Jiddat al Harasis 090,92667.6,2002,19.71678,56.6062,"(19.716780, 56.606200)"
Karee Kloof,92100,1914,-31.6,25.8,"(-31.600000, 25.800000)"
Laguna Manantiales,92000,1945,-48.58333,-67.41667,"(-48.583330, -67.416670)"
Juvinas,91000,1821,44.71667,4.3,"(44.716670, 4.300000)"
Richardton,90000,1918,46.88333,-102.31667,"(46.883330, -102.316670)"
ad-Dahbubah,90000,1961,19.83333,51.25,"(19.833330, 51.250000)"
Farmington,89400,1890,39.75,-97.03333,"(39.750000, -97.033330)"
Mincy,89400,1857,36.55,-93.1,"(36.550000, -93.100000)"
Bennett County,89000,1934,43.5,-101.25,"(43.500000, -101.250000)"
Mills,88000,1970,36.23,-104.11889,"(36.230000, -104.118890)"
Northwest Africa 6727,88000,2006,0,0,"(0.000000, 0.000000)"
San Angelo,88000,1897,31.41667,-100.35,"(31.416670, -100.350000)"
Wagon Mound,87500,1932,35.84083,-104.58583,"(35.840830, -104.585830)"
Roebourne,86860,1892,-22.33333,118,"(-22.333330, 118.000000)"
Bath Furnace,86000,1902,38.25,-83.75,"(38.250000, -83.750000)"
Tulia (a),86000,1917,34.61667,-101.95,"(34.616670, -101.950000)"
Kayakent,85000,1961,39.26333,31.78,"(39.263330, 31.780000)"
Apoala,85000,1889,17.7,-97,"(17.700000, -97.000000)"
Juanita de Angeles,85000,1992,28.41667,-105.08333,"(28.416670, -105.083330)"
Zapaliname,85000,1998,25.00944,-100.75,"(25.009440, -100.750000)"
Bruceville,83000,1998,38.295,-121.405,"(38.295000, -121.405000)"
Gan Gan,83000,1984,-42.66667,-68.08333,"(-42.666670, -68.083330)"
Gretna,82000,1912,39.93333,-99.21667,"(39.933330, -99.216670)"
Ness County (1894),82000,1894,38.5,-99.6,"(38.500000, -99.600000)"
Renfrow,81600,1986,36.98667,-97.555,"(36.986670, -97.555000)"
Carlton,81200,1887,31.91667,-98.03333,"(31.916670, -98.033330)"
Ainsworth,80650,1907,42.6,-99.8,"(42.600000, -99.800000)"
Kernouve,80000,1869,48.11667,-3.08333,"(48.116670, -3.083330)"
Soko-Banja,80000,1877,43.66667,21.86667,"(43.666670, 21.866670)"
Baygorria,80000,1994,-33,-56,"(-33.000000, -56.000000)"
Unter-Mässing,80000,1920,49.09028,11.33333,"(49.090280, 11.333330)"
Vera,80000,1941,-29.91667,-60.28333,"(-29.916670, -60.283330)"
Mrirt,79900,1937,33.13333,-5.56667,"(33.133330, -5.566670)"
Belle Plaine,78800,1950,37.31667,-97.25,"(37.316670, -97.250000)"
Finmarken,78300,1902,70,24,"(70.000000, 24.000000)"
Parnallee,77600,1857,9.23333,78.35,"(9.233330, 78.350000)"
Jiddat al Harasis 230,77000,2005,19.7127,56.58277,"(19.712700, 56.582770)"
Moorumbunna,77000,1943,-28.91667,136.25,"(-28.916670, 136.250000)"
Augusta County,76000,1858,38.16667,-79.08333,"(38.166670, -79.083330)"
Northbranch,76000,1972,39.99167,-98.34167,"(39.991670, -98.341670)"
Yelland Dry Lake,76000,2007,39.35067,-114.40783,"(39.350670, -114.407830)"
Tawallah Valley,75750,1939,-15.7,135.66667,"(-15.700000, 135.666670)"
Xingyang,75500,1977,32.33333,114.31667,"(32.333330, 114.316670)"
Northwest Africa 859,75300,2001,,,
Acme,75000,1947,33.63333,-104.26667,"(33.633330, -104.266670)"
Bayard,75000,1982,41.81667,-103.36667,"(41.816670, -103.366670)"
Wolsey,74830,1981,44.4,-98.53333,"(44.400000, -98.533330)"
Tilden,74800,1927,38.2,-89.68333,"(38.200000, -89.683330)"
Walker County,74800,1832,34,-87.16667,"(34.000000, -87.166670)"
Hunter,74600,1962,36.56,-97.66667,"(36.560000, -97.666670)"
Ethiudna,74318,1977,-32.03333,139.78333,"(-32.033330, 139.783330)"
Northwest Africa 267,73900,2000,,,
Toufassour,73300,2007,29.65225,-7.7493,"(29.652250, -7.749300)"
Nelson County,73030,1856,37.75,-85.5,"(37.750000, -85.500000)"
Uwharrie,72700,1930,35.51667,-79.96667,"(35.516670, -79.966670)"
Uruaçu,72500,1992,-14.53333,-48.76667,"(-14.533330, -48.766670)"
Isoulane-n-Amahar,72000,1945,27.12917,8.66722,"(27.129170, 8.667220)"
Mafuta,71500,1984,-16.9025,30.40722,"(-16.902500, 30.407220)"
Merua,71400,1920,25.48333,81.98333,"(25.483330, 81.983330)"
Portales Valley,71400,1998,34.175,-103.295,"(34.175000, -103.295000)"
Sierra Colorada,71300,1995,-40.8,-67.48333,"(-40.800000, -67.483330)"
Tlacotepec,71000,1903,18.65,-97.55,"(18.650000, -97.550000)"
Wooramel,71000,1969,-25.65,114.21667,"(-25.650000, 114.216670)"
Mahadevpur,70500,2007,27.66667,95.78333,"(27.666670, 95.783330)"
Smithville,70500,1840,35.98333,-85.85,"(35.983330, -85.850000)"
Peña Blanca Spring,70000,1946,30.125,-103.11667,"(30.125000, -103.116670)"
Lahmada 009,70000,1999,27.16667,-9.5,"(27.166670, -9.500000)"
Smithonia,69900,1940,34,-83.16667,"(34.000000, -83.166670)"
Landes,69800,1930,38.9,-79.18333,"(38.900000, -79.183330)"
Xinyi,69000,1975,34.36667,118.33333,"(34.366670, 118.333330)"
Wu-chu-mu-ch'in,68860,1920,45.5,118,"(45.500000, 118.000000)"
Burlington,68000,1819,42.75,-75.18333,"(42.750000, -75.183330)"
Hamilton (Queensland),68000,1966,-28.48333,148.25,"(-28.483330, 148.250000)"
Marlow,68000,1936,34.6,-97.91667,"(34.600000, -97.916670)"
Soledade,68000,1986,-29.05,-51.43333,"(-29.050000, -51.433330)"
Springwater,67600,1931,52,-108.3,"(52.000000, -108.300000)"
Rahimyar Khan,67225,1983,28.225,70.2,"(28.225000, 70.200000)"
Pervomaisky,66000,1933,56.63333,39.43333,"(56.633330, 39.433330)"
Timochin,65500,1807,54.5,35.2,"(54.500000, 35.200000)"
Sychevka,65000,1988,51.125,127.495,"(51.125000, 127.495000)"
Bocaiuva,64000,1965,-17.16667,-43.83333,"(-17.166670, -43.833330)"
Signal Mountain,63500,1919,32.5,-115.5,"(32.500000, -115.500000)"
Treysa,63000,1916,50.91667,9.18333,"(50.916670, 9.183330)"
Derrick Peak 88017,63000,1988,-80.06667,156.38333,"(-80.066670, 156.383330)"
Santa Clara,63000,1976,24.46667,-103.35,"(24.466670, -103.350000)"
Tanezrouft 072,62285,2002,24.43817,0.103,"(24.438170, 0.103000)"
Thunda,62100,1881,-25.7,143.05,"(-25.700000, 143.050000)"
Covert,61000,1896,39.2,-98.78333,"(39.200000, -98.783330)"
Gold Basin,61000,1995,35.875,-114.23333,"(35.875000, -114.233330)"
Hex River Mountains,60000,1882,-33.31667,19.61667,"(-33.316670, 19.616670)"
Nicolás Levalle,60000,1956,-38.85028,-62.87889,"(-38.850280, -62.878890)"
Savannah,60000,1923,35.16667,-88.18333,"(35.166670, -88.183330)"
Yongning,60000,1971,22.75,108.33333,"(22.750000, 108.333330)"
Derrick Peak A78008,59400,1978,-80.06667,156.38333,"(-80.066670, 156.383330)"
Łowicz,59000,1935,52,19.91667,"(52.000000, 19.916670)"
Bohumilitz,59000,1829,49.05,13.76667,"(49.050000, 13.766670)"
Piedade do Bagre,59000,1922,-18.94167,-44.98333,"(-18.941670, -44.983330)"
Quijingue,59000,1984,-10.75,-39.21667,"(-10.750000, -39.216670)"
Guadalupe y Calvo,58630,1971,26.1,-106.96667,"(26.100000, -106.966670)"
Aliskerovo,58400,1977,67.88333,167.5,"(67.883330, 167.500000)"
Ivanpah,58000,1880,35.33333,-115.31667,"(35.333330, -115.316670)"
Phillips County (stone),57900,1901,40,-99.25,"(40.000000, -99.250000)"
Julesburg,57900,1983,39.975,-102.26667,"(39.975000, -102.266670)"
Miami,57700,1930,35.66667,-100.6,"(35.666670, -100.600000)"
Gladstone (stone),57300,1936,36.3,-104,"(36.300000, -104.000000)"
Warburton Range,56930,1963,-26.28333,126.66667,"(-26.283330, 126.666670)"
Farmville,56000,1934,35.55,-77.53333,"(35.550000, -77.533330)"
Northwest Africa 4493,56000,2005,,,
Ashmore,55400,1969,32.9,-102.28333,"(32.900000, -102.283330)"
Jenkins,55400,1946,36.82444,-93.76111,"(36.824440, -93.761110)"
Kulnine,55300,1886,-34.15,141.78333,"(-34.150000, 141.783330)"
Wellman (a),55000,1940,33.03333,-102.33333,"(33.033330, -102.333330)"
Rosebud,54900,1915,30.81667,-97.05,"(30.816670, -97.050000)"
Elenovka,54640,1951,47.83333,37.66667,"(47.833330, 37.666670)"
Aprel'sky,54600,1969,53.3,126.11667,"(53.300000, 126.116670)"
Markovka,54200,1967,52.4,79.8,"(52.400000, 79.800000)"
Veramin,54000,1880,35.33333,51.63333,"(35.333330, 51.633330)"
Chihuahua City,54000,1929,28.66667,-106.11667,"(28.666670, -106.116670)"
Dunganville,54000,1976,-42.55,171.35,"(-42.550000, 171.350000)"
Uwet,54000,1903,5.28333,8.25,"(5.283330, 8.250000)"
Northwest Africa 2740,53822,,,,
Kumerina,53500,1937,-24.91667,119.41667,"(-24.916670, 119.416670)"
Ruff's Mountain,53070,1844,34.3,-81.4,"(34.300000, -81.400000)"
Dalton,53000,1879,34.8,-84.98333,"(34.800000, -84.983330)"
Nan Yang Pao,52900,1917,35.66667,103.5,"(35.666670, 103.500000)"
Northwest Africa 4526,52850,2006,,,
Ahumada,52600,1909,30.7,-105.5,"(30.700000, -105.500000)"
Tobychan,52100,1971,,,
Stannern,52000,1808,49.28333,15.56667,"(49.283330, 15.566670)"
Benjamin,51800,1969,33.58333,-99.8,"(33.583330, -99.800000)"
Lancé,51700,1872,47.7,1.06667,"(47.700000, 1.066670)"
Grand Rapids,51700,1883,42.96667,-85.76667,"(42.966670, -85.766670)"
Ilimaes (iron),51700,1870,-26,-70,"(-26.000000, -70.000000)"
Leedey,51500,1943,35.88333,-99.33333,"(35.883330, -99.333330)"
Mungindi,51300,1897,-28.93333,148.95,"(-28.933330, 148.950000)"
Willow Creek,51000,1914,43.46667,-106.76667,"(43.466670, -106.766670)"
La Grange,50800,1860,38.4,-85.36667,"(38.400000, -85.366670)"
Davy (a),50600,1940,29.1,-97.6,"(29.100000, -97.600000)"
Richland,50600,1951,31.9,-96.4,"(31.900000, -96.400000)"
Santa Vitoria do Palmar,50400,2003,-33.50944,-53.41083,"(-33.509440, -53.410830)"
Northwest Africa 1581,50200,2001,31.38333,-4.25,"(31.383330, -4.250000)"
Akyumak,50000,1981,39.91667,42.81667,"(39.916670, 42.816670)"
Aumale,50000,1865,36.16667,3.66667,"(36.166670, 3.666670)"
Ausson,50000,1858,43.08333,0.58333,"(43.083330, 0.583330)"
Krymka,50000,1946,47.83333,30.76667,"(47.833330, 30.766670)"
Limerick,50000,1813,52.56667,-8.78333,"(52.566670, -8.783330)"
Nuevo Mercurio,50000,1978,24.3,-102.13333,"(24.300000, -102.133330)"
Valera,50000,1972,9.31667,-70.62833,"(9.316670, -70.628330)"
Wuan,50000,1986,36.75,114.25,"(36.750000, 114.250000)"
Dhofar 1654,50000,2011,18.67877,54.2876,"(18.678770, 54.287600)"
Hammadah al Hamra 153,50000,1995,28.60033,13.5775,"(28.600330, 13.577500)"
Hinojal,50000,1927,-32.36667,-60.15,"(-32.366670, -60.150000)"
Ingella Station,50000,1987,-25.55,142.78333,"(-25.550000, 142.783330)"
Northwest Africa 5775,50000,2006,0,0,"(0.000000, 0.000000)"
Northwest Africa 6903,50000,2008,32.37167,-6.36,"(32.371670, -6.360000)"
Waconda,50000,1873,39.33333,-98.16667,"(39.333330, -98.166670)"
Winburg,50000,1881,-28.5,27,"(-28.500000, 27.000000)"
Zagora,50000,1987,30.36667,-5.85,"(30.366670, -5.850000)"
Jiddat al Harasis 342,49750,2006,19.71458,56.54755,"(19.714580, 56.547550)"
Hraschina,49000,1751,46.1,16.33333,"(46.100000, 16.333330)"
Agua Blanca,49000,1938,-28.91667,-66.95,"(-28.916670, -66.950000)"
Mapleton,49000,1939,42.18333,-95.71667,"(42.183330, -95.716670)"
Thule,48600,1955,76.53333,-67.55,"(76.533330, -67.550000)"
Cabin Creek,48500,1886,35.5,-93.5,"(35.500000, -93.500000)"
Bear Lodge,48500,1931,44.5,-104.2,"(44.500000, -104.200000)"
Crab Orchard,48500,1887,35.83333,-84.91667,"(35.833330, -84.916670)"
Bischtübe,48250,1888,51.95,62.2,"(51.950000, 62.200000)"
Woodbine,48200,1953,42.34667,-90.1675,"(42.346670, -90.167500)"
Jackalsfontein,48000,1903,-32.5,21.9,"(-32.500000, 21.900000)"
Bagnone,48000,1904,44.31667,9.98333,"(44.316670, 9.983330)"
Sukhoj Liman,48000,1987,46.4,30.8,"(46.400000, 30.800000)"
Dresden (Ontario),47700,1939,42.52,-82.26,"(42.520000, -82.260000)"
Red Rock,47600,1976,35.41667,-117.91667,"(35.416670, -117.916670)"
Roy (1933),47200,1933,35.95,-104.2,"(35.950000, -104.200000)"
Gomez,47000,1974,33.18139,-102.40139,"(33.181390, -102.401390)"
South African Railways,47000,1938,,,
Cuero,46500,1936,29.01667,-97.28333,"(29.016670, -97.283330)"
Harrisonville,46500,1933,38.65,-94.33333,"(38.650000, -94.333330)"
Lakewood,46500,1955,32.62972,-104.35,"(32.629720, -104.350000)"
Rancho de la Pila (1882),46500,1882,24.11667,-104.3,"(24.116670, -104.300000)"
Osseo,46300,1931,47.63333,-80.08333,"(47.633330, -80.083330)"
Jiddat al Harasis 203,46200,2002,19.983,56.41368,"(19.983000, 56.413680)"
Dumas (a),46050,1956,35.9,-101.9,"(35.900000, -101.900000)"
Asuka 87251,46000,1987,-72,26,"(-72.000000, 26.000000)"
Linwood,46000,1940,41.43333,-96.96667,"(41.433330, -96.966670)"
Peace River,45760,1963,56.13333,-117.93333,"(56.133330, -117.933330)"
Woodward County,45500,1923,36.5,-99.5,"(36.500000, -99.500000)"
Northwest Africa 7150,45326,2011,0,0,"(0.000000, 0.000000)"
Thuathe,45300,2002,-29.33333,27.58333,"(-29.333330, 27.583330)"
Needles,45300,1962,34.44417,-114.8325,"(34.444170, -114.832500)"
Northwest Africa 4300,45200,2006,,,
Bensour,45000,2002,30,-7,"(30.000000, -7.000000)"
Dhajala,45000,1976,22.37778,71.42722,"(22.377780, 71.427220)"
Kuttippuram,45000,1914,10.83333,76.03333,"(10.833330, 76.033330)"
Kyushu,45000,1886,32.03333,130.63333,"(32.033330, 130.633330)"
La Criolla,45000,1985,-31.23333,-58.16667,"(-31.233330, -58.166670)"
Marjalahti,45000,1902,61.5,30.5,"(61.500000, 30.500000)"
Hammadah al Hamra 173,45000,1996,28.63667,13.1965,"(28.636670, 13.196500)"
Northwest Africa 854,45000,2000,,,
Sandia Mountains,45000,1925,35.25,-106.5,"(35.250000, -106.500000)"
Vyatka,45000,1991,57.53333,49,"(57.533330, 49.000000)"
Wellman (c),45000,1964,33.03333,-102.33333,"(33.033330, -102.333330)"
Dhofar 1433,44790,2006,18.43333,54.1,"(18.433330, 54.100000)"
Cumulus Hills 04069,44700,2003,,,
Saginaw,44500,1979,32.86583,-97.32306,"(32.865830, -97.323060)"
Beenham,44400,1937,36.21667,-103.65,"(36.216670, -103.650000)"
Northwest Africa 5460,44400,2006,0,0,"(0.000000, 0.000000)"
Kelly,44300,1937,40.46667,-103.03333,"(40.466670, -103.033330)"
Zemaitkiemis,44100,1933,55.3,25,"(55.300000, 25.000000)"
Barwell,44000,1965,52.56528,-1.33972,"(52.565280, -1.339720)"
Dar al Gani 610,44000,1998,26.85,16.73333,"(26.850000, 16.733330)"
Dix,44000,1927,41.23333,-103.48333,"(41.233330, -103.483330)"
Horh Uul,44000,2001,43.25,104.16667,"(43.250000, 104.166670)"
Rodeo,44000,1852,25.33333,-104.66667,"(25.333330, -104.666670)"
Ust-Nyukzha,44000,1992,56.38333,120.46667,"(56.383330, 120.466670)"
Seminole,43900,1961,32.68333,-102.61667,"(32.683330, -102.616670)"
Dhofar 1288,43600,2004,18.27833,54.285,"(18.278330, 54.285000)"
Sayh al Uhaymir 270,43508.2,2003,20.72918,57.189,"(20.729180, 57.189000)"
Staunton,43500,1869,38.21667,-79.05,"(38.216670, -79.050000)"
Northwest Africa 7144,43418,2011,0,0,"(0.000000, 0.000000)"
Aggie Creek,43000,1942,64.88333,-163.16667,"(64.883330, -163.166670)"
Chilkoot,43000,1881,59.33333,-136,"(59.333330, -136.000000)"
Dhofar 1565,43000,2008,18.2735,54.21367,"(18.273500, 54.213670)"
Lixian,43000,2005,29.85167,111.59833,"(29.851670, 111.598330)"
Northwest Africa 6411,43000,2006,0,0,"(0.000000, 0.000000)"
Tombigbee River,43000,1859,32.23333,-88.2,"(32.233330, -88.200000)"
Merceditas,42900,1884,-26.33333,-70.28333,"(-26.333330, -70.283330)"
Dhofar 1426,42850,2001,19.173,54.70407,"(19.173000, 54.704070)"
Joe Wright Mountain,42600,1884,35.76667,-91.5,"(35.766670, -91.500000)"
Ballinoo,42200,1892,-27.7,115.76667,"(-27.700000, 115.766670)"
Piplia Kalan,42000,1996,26.03472,73.94167,"(26.034720, 73.941670)"
Zhaodong,42000,1984,45.81667,125.91667,"(45.816670, 125.916670)"
Macy,42000,1984,34.21667,-103.91667,"(34.216670, -103.916670)"
Northwest Africa 055,42000,,32.05,-3.03333,"(32.050000, -3.033330)"
Point Berliet,42000,2001,20.537,9.53783,"(20.537000, 9.537830)"
Anton,41800,1965,33.7825,-102.18111,"(33.782500, -102.181110)"
Bonita Springs,41800,1938,26.26667,-81.75,"(26.266670, -81.750000)"
Karoonda,41730,1930,-35.08333,139.91667,"(-35.083330, 139.916670)"
Tieraco Creek,41700,1922,-26.33333,118.33333,"(-26.333330, 118.333330)"
Al Huqf 010,41539.3,2002,19.86785,57.0028,"(19.867850, 57.002800)"
Cacaria,41400,1867,24.5,-104.8,"(24.500000, -104.800000)"
Clovis (no. 2),41300,1963,34.3,-103.13333,"(34.300000, -103.133330)"
Buzzard Coulee,41000,2008,52.996,-109.84817,"(52.996000, -109.848170)"
Balsas,41000,1974,-7.53133,-46.04117,"(-7.531330, -46.041170)"
Butler,41000,1874,38.3,-94.36667,"(38.300000, -94.366670)"
Obernkirchen,41000,1863,52.26667,9.1,"(52.266670, 9.100000)"
Brownfield (1937),40960,1937,33.21667,-102.18333,"(33.216670, -102.183330)"
Glenormiston,40800,1925,-22.9,138.71667,"(-22.900000, 138.716670)"
Millen,40800,1975,32.83528,-81.87389,"(32.835280, -81.873890)"
Richfield,40800,1983,37.22222,-101.68139,"(37.222220, -101.681390)"
Orlovka,40500,1928,56,76.75,"(56.000000, 76.750000)"
Johnstown,40300,1924,40.35,-104.9,"(40.350000, -104.900000)"
Lohawat,40000,1994,26.96556,72.62667,"(26.965560, 72.626670)"
Olmedilla de Alarcón,40000,1929,39.56667,-2.1,"(39.566670, -2.100000)"
Pavlograd,40000,1826,48.53333,35.98333,"(48.533330, 35.983330)"
Sivas,40000,1989,39.82467,36.13583,"(39.824670, 36.135830)"
Uberaba,40000,1903,-19.81667,-48.78333,"(-19.816670, -48.783330)"
Calliham,40000,1958,28.41667,-98.25,"(28.416670, -98.250000)"
Dronino,40000,2000,54.74667,41.42167,"(54.746670, 41.421670)"
El Simbolar,40000,1938,-30.63333,-64.88333,"(-30.633330, -64.883330)"
Jerslev,40000,1976,55.608833,11.229167,"(55.608833, 11.229167)"
Northwest Africa 1397,40000,2000,,,
Nullarbor 001,40000,1935,-31,132,"(-31.000000, 132.000000)"
Wynella,40000,1945,-28.95,148.13333,"(-28.950000, 148.133330)"
Yilmia,40000,1969,-31.19167,121.53333,"(-31.191670, 121.533330)"
Pinnaroo,39400,1927,-35.38333,140.91667,"(-35.383330, 140.916670)"
Braunau,39000,1847,50.6,16.3,"(50.600000, 16.300000)"
Guareña,39000,1892,38.73333,-6.01667,"(38.733330, -6.016670)"
Bechar 001,39000,1998,30.83333,-3.33333,"(30.833330, -3.333330)"
Dhofar 1700,39000,2010,18.86622,54.67967,"(18.866220, 54.679670)"
Manitouwabing,39000,1962,45.44,-79.87556,"(45.440000, -79.875560)"
Shingle Springs,39000,1869,38.66667,-120.93333,"(38.666670, -120.933330)"
Weaver Mountains,38800,1898,34.25,-112.75,"(34.250000, -112.750000)"
Bunjil,38750,1971,-29.62917,116.48222,"(-29.629170, 116.482220)"
Lamont,38690,1940,38.07778,-96.02639,"(38.077780, -96.026390)"
Mayfield,38400,1972,37.30833,-97.545,"(37.308330, -97.545000)"
Bellsbank,38000,1955,-28.08333,24.08333,"(-28.083330, 24.083330)"
Capot Rey,38000,2004,20.12593,10.2056,"(20.125930, 10.205600)"
Avoca (Western Australia),37850,1966,-30.85,122.31667,"(-30.850000, 122.316670)"
Wonyulgunna,37800,1937,-24.91667,120.06667,"(-24.916670, 120.066670)"
Albin (pallasite),37600,1915,41.5,-104.1,"(41.500000, -104.100000)"
N'Goureyma,37500,1900,13.85,-4.38333,"(13.850000, -4.383330)"
Alatage,37500,1959,42.33333,93,"(42.333330, 93.000000)"
Patwar,37350,1935,23.15,91.18333,"(23.150000, 91.183330)"
Densmore (1879),37200,1879,39.65,-99.68333,"(39.650000, -99.683330)"
Waterville,37125,1917,47.767778,-119.876389,"(47.767778, -119.876389)"
L'Aigle,37000,1803,48.76667,0.63333,"(48.766670, 0.633330)"
Dhofar 1289,37000,2004,18.63333,54.42167,"(18.633330, 54.421670)"
Songyuan,36900,1993,45.25,125,"(45.250000, 125.000000)"
Melrose (a),36400,1933,34.38333,-103.61667,"(34.383330, -103.616670)"
Woolgorong,36000,1960,-27.75,115.83333,"(-27.750000, 115.833330)"
Eagle Station,36000,1880,38.61667,-84.96667,"(38.616670, -84.966670)"
Haskell,36000,1909,33.21333,-99.73167,"(33.213330, -99.731670)"
Kansas City (1903),36000,1903,39.1,-94.63333,"(39.100000, -94.633330)"
San Emigdio,36000,1887,36,-119,"(36.000000, -119.000000)"
Coffeyville,35900,2006,37.01667,-95.66667,"(37.016670, -95.666670)"
El Burro,35900,1939,29.33333,-101.83333,"(29.333330, -101.833330)"
Costilla Peak,35500,1881,36.83333,-105.23333,"(36.833330, -105.233330)"
Lueders,35400,1973,32.83611,-99.60417,"(32.836110, -99.604170)"
Northwest Africa 6203,35400,2008,30.51667,-4.3,"(30.516670, -4.300000)"
Ladder Creek,35100,1937,38.61667,-101.63333,"(38.616670, -101.633330)"
Modoc (1905),35000,1905,38.5,-101.1,"(38.500000, -101.100000)"
Rowena,34700,1962,-29.8,148.63333,"(-29.800000, 148.633330)"
Gursum,34650,1981,9.36667,42.41667,"(9.366670, 42.416670)"
Guin,34500,1969,33.96667,-87.91667,"(33.966670, -87.916670)"
Vermillion,34360,1991,39.73633,-96.36133,"(39.736330, -96.361330)"
Plains,34300,1964,33.28333,-102.76667,"(33.283330, -102.766670)"
Buck Mountains 003,34200,2005,34.7345,-114.21717,"(34.734500, -114.217170)"
Cangas de Onis,34000,1866,43.38333,-5.15,"(43.383330, -5.150000)"
Jelica,34000,1889,43.83333,20.44167,"(43.833330, 20.441670)"
Ställdalen,34000,1876,59.93333,14.95,"(59.933330, 14.950000)"
Broken Hill,34000,1994,-31.83333,141.76667,"(-31.833330, 141.766670)"
Gnowangerup,33600,1976,-34,118.1,"(-34.000000, 118.100000)"
View Hill,33600,1952,-43.32,172.06333,"(-43.320000, 172.063330)"
Valencia,33500,,39,-0.03333,"(39.000000, -0.033330)"
Bella Roca,33000,1888,24.9,-105.4,"(24.900000, -105.400000)"
Jiddat al Harasis 406,33000,2006,19.53268,56.87225,"(19.532680, 56.872250)"
Northwest Africa 1795,33000,2002,,,
Kyancutta,32700,1932,-33.28333,136,"(-33.283330, 136.000000)"
Putnam County,32700,1839,33.25,-83.25,"(33.250000, -83.250000)"
Jumapalo,32490,1984,-7.71667,111.2,"(-7.716670, 111.200000)"
Mossgiel,32383,1967,-33.31667,144.78333,"(-33.316670, 144.783330)"
Narraburra,32200,1855,-34.25,147.7,"(-34.250000, 147.700000)"
Allegan,32000,1899,42.53333,-85.88333,"(42.533330, -85.883330)"
Dhurmsala,32000,1860,32.23333,76.46667,"(32.233330, 76.466670)"
Hermitage Plains,32000,1909,-31.73333,146.4,"(-31.733330, 146.400000)"
Northwest Africa 6932,32000,2008,0,0,"(0.000000, 0.000000)"
Northwest Africa 860,32000,2000,,,
Patos de Minas (hexahedrite),32000,1925,-18.58333,-46.53333,"(-18.583330, -46.533330)"
Derrick Peak A78011,31800,1978,-80.06667,156.38333,"(-80.066670, 156.383330)"
Thiel Mountains,31700,1962,-85.45,-90,"(-85.450000, -90.000000)"
Yonozu,31650,1837,37.75,139,"(37.750000, 139.000000)"
Carraweena,31600,1914,-29.23333,139.93333,"(-29.233330, 139.933330)"
Chantonnay,31500,1812,46.68333,1.05,"(46.683330, 1.050000)"
Ioka,31500,1931,40.25,-110.08333,"(40.250000, -110.083330)"
Arriba,31100,1936,39.3,-103.25,"(39.300000, -103.250000)"
Saline,30800,1901,39.4,-100.4,"(39.400000, -100.400000)"
Puente del Zacate,30790,1904,27.86667,-101.5,"(27.866670, -101.500000)"
Los Vientos 002,30750,2010,-24.68333,-69.76667,"(-24.683330, -69.766670)"
Djebel Chaab 002,30616,2003,25.15592,0.82213,"(25.155920, 0.822130)"
Bledsoe,30500,1970,33.59167,-103.02667,"(33.591670, -103.026670)"
Hammadah al Hamra 328,30440,1999,28.95833,10.59167,"(28.958330, 10.591670)"
El Perdido,30250,1905,-38.68333,-61.1,"(-38.683330, -61.100000)"
Agen,30000,1814,44.21667,0.61667,"(44.216670, 0.616670)"
Château-Renard,30000,1841,47.93333,2.91667,"(47.933330, 2.916670)"
Tuxtuac,30000,1975,21.66667,-103.36667,"(21.666670, -103.366670)"
Acfer 329,30000,2001,27.58333,4.1,"(27.583330, 4.100000)"
Daraj 001,30000,1986,29.6425,11.73222,"(29.642500, 11.732220)"
Hagersville,30000,1999,42.96667,-80.15,"(42.966670, -80.150000)"
Harriman (Of),30000,1947,35.95,-84.56667,"(35.950000, -84.566670)"
La Lande,30000,1933,34.45,-104.13333,"(34.450000, -104.133330)"
Leon,30000,1943,37.66667,-96.76667,"(37.666670, -96.766670)"
Muenatauray,30000,1960,4.9,-61.2,"(4.900000, -61.200000)"
Northwest Africa 1485,30000,2002,,,
Northwest Africa 4576,30000,2005,0,0,"(0.000000, 0.000000)"
Northwest Africa 754,30000,2000,,,
Otchinjau,30000,1919,-16.5,14,"(-16.500000, 14.000000)"
Tanezrouft 065,30000,2002,25.4075,0.13639,"(25.407500, 0.136390)"
Windimurra,30000,2004,-28.09697,118.45561,"(-28.096970, 118.455610)"
Jerome (Kansas),29600,1894,38.76667,-100.73333,"(38.766670, -100.733330)"
Bassikounou,29560,2006,15.78333,-5.9,"(15.783330, -5.900000)"
Northwest Africa 6550,29481.8,2008,0,0,"(0.000000, 0.000000)"
Los Vientos 004,29300,2011,-24.68333,-69.76667,"(-24.683330, -69.766670)"
Butsura,29000,1861,27.08333,84.08333,"(27.083330, 84.083330)"
Hatford,29000,1628,51.65,-1.51667,"(51.650000, -1.516670)"
Graves Nunataks 98186,29000,1998,-86.71667,-141.5,"(-86.716670, -141.500000)"
Grosvenor Mountains 03001,29000,2002,,,
Northwest Africa 4487,29000,2005,,,
Northwest Africa 5974,29000,2009,0,0,"(0.000000, 0.000000)"
Elga,28800,1959,64.7,141.2,"(64.700000, 141.200000)"
Fairview,28800,1986,34.10139,-102.65,"(34.101390, -102.650000)"
Ramlat as Sahmah 418,28791,2010,20.3936,56.22002,"(20.393600, 56.220020)"
Great Bend,28770,1983,38.395,-98.91583,"(38.395000, -98.915830)"
Cumpas,28600,1903,30,-109.66667,"(30.000000, -109.666670)"
Sinawan 001,28600,1991,31,11.66667,"(31.000000, 11.666670)"
Ocotillo,28570,1990,32.83333,-116.06667,"(32.833330, -116.066670)"
Tennasilm,28500,1872,58.03333,26.95,"(58.033330, 26.950000)"
Negrillos,28500,1936,-19.88333,-69.83333,"(-19.883330, -69.833330)"
Marion (Iowa),28400,1847,41.9,-91.6,"(41.900000, -91.600000)"
Walters,28100,1946,34.33333,-98.3,"(34.333330, -98.300000)"
Larned,28100,1977,38.1995,-99.162,"(38.199500, -99.162000)"
Tieschitz,28000,1878,49.6,17.11667,"(49.600000, 17.116670)"
Bunker Hill,28000,2002,38.84833,-98.72383,"(38.848330, -98.723830)"
Deelfontein,28000,1932,-30.18333,23.26667,"(-30.183330, 23.266670)"
Grosvenor Mountains 03002,28000,2002,,,
Changxing,27900,1964,31.33333,121.66667,"(31.333330, 121.666670)"
Monahans (1938),27900,1938,31.48333,-102.88333,"(31.483330, -102.883330)"
Sayh al Uhaymir 278,27860.8,2002,21.26172,57.17887,"(21.261720, 57.178870)"
Delegate,27700,1904,-37,149.03333,"(-37.000000, 149.033330)"
Oakley (stone),27700,1895,38.95,-101.01667,"(38.950000, -101.016670)"
Weldona,27700,1934,40.35,-103.95,"(40.350000, -103.950000)"
Northwest Africa 2211,27690,2005,0,0,"(0.000000, 0.000000)"
Cratheús (1931),27500,1914,-5.25,-40.5,"(-5.250000, -40.500000)"
El Capitan,27500,1893,33.5,-105.5,"(33.500000, -105.500000)"
Dumont,27420,1994,33.81667,-100.51667,"(33.816670, -100.516670)"
La Primitiva,27400,1888,-19.91667,-69.81667,"(-19.916670, -69.816670)"
Dadin,27300,1949,-38.91667,-69.2,"(-38.916670, -69.200000)"
Hammadah al Hamra 296,27064,2000,29.1,12.31667,"(29.100000, 12.316670)"
Charsonville,27000,1810,47.93333,1.56667,"(47.933330, 1.566670)"
Indarch,27000,1891,39.75,46.66667,"(39.750000, 46.666670)"
Ashfork,27000,1901,35.25,-112.5,"(35.250000, -112.500000)"
Bendock,27000,1898,-37.15,148.91667,"(-37.150000, 148.916670)"
Gobabeb,27000,1969,-23.55,15.03333,"(-23.550000, 15.033330)"
Hammond Downs,27000,1950,-25.46667,142.8,"(-25.466670, 142.800000)"
Naryilco,27000,1975,-28.6,141.15,"(-28.600000, 141.150000)"
Northwest Africa 059,27000,,31.83333,-2.93333,"(31.833330, -2.933330)"
Northwest Africa 4492,27000,2005,,,
Tazewell,27000,1853,36.43333,-83.75,"(36.433330, -83.750000)"
Tiffa 001,26900,1997,19.949,11.933,"(19.949000, 11.933000)"
Seagraves (c),26810,1989,32.98333,-102.56667,"(32.983330, -102.566670)"
Kaffir (d),26760,1981,34.67167,-101.815,"(34.671670, -101.815000)"
Forestburg (b),26600,1957,33.49556,-97.58861,"(33.495560, -97.588610)"
Wilder,26600,1982,43.72444,-116.91167,"(43.724440, -116.911670)"
Hammadah al Hamra 280,26500,2000,28.47017,12.972,"(28.470170, 12.972000)"
Milly Milly,26500,1921,-26.11667,116.66667,"(-26.116670, 116.666670)"
Northwest Africa 5459,26400,2006,0,0,"(0.000000, 0.000000)"
Northwest Africa 904,26399,2001,,,
Dayton,26300,1892,39.75,-84.16667,"(39.750000, -84.166670)"
Cavour,26210,1938,44.221494,-98.059192,"(44.221494, -98.059192)"
Texline,26200,1937,36.4,-103.01667,"(36.400000, -103.016670)"
Denver City,26100,1975,33.07139,-102.80028,"(33.071390, -102.800280)"
Forestburg (a),26100,1957,33.50667,-97.65139,"(33.506670, -97.651390)"
Ilafegh 008,26100,1989,21.6,1.66667,"(21.600000, 1.666670)"
Forest Vale,26000,1942,-33.35,146.85833,"(-33.350000, 146.858330)"
Cedar (Texas),26000,1900,29.82806,-96.90861,"(29.828060, -96.908610)"
Derrick Peak A78012,26000,1978,-80.06667,156.38333,"(-80.066670, 156.383330)"
Forrest 002,26000,1980,-30.98333,127.88333,"(-30.983330, 127.883330)"
Kumtag,26000,2008,41.66889,93.17306,"(41.668890, 93.173060)"
Maslyanino,26000,1992,54.25,84.33333,"(54.250000, 84.333330)"
Northwest Africa 4860,26000,2003,,,
Sierra Gorda,26000,1898,-22.9,-69.35,"(-22.900000, -69.350000)"
Seymour,25900,1940,37.2375,-92.78694,"(37.237500, -92.786940)"
Lake Labyrinth,25850,1924,-30.53333,134.75,"(-30.533330, 134.750000)"
Beaver,25628,1940,36.8,-100.53333,"(36.800000, -100.533330)"
Los Vientos 003,25450,2011,-24.68333,-69.76667,"(-24.683330, -69.766670)"
Sahara 97001,25450,1997,,,
Desuri,25400,1962,25.73333,73.61667,"(25.733330, 73.616670)"
St-Robert,25400,1994,45.96861,-72.97806,"(45.968610, -72.978060)"
Yamato 791717,25322,1979,-71.5,35.66667,"(-71.500000, 35.666670)"
Belmont,25300,1958,42.73333,-90.35,"(42.733330, -90.350000)"
Juromenha,25250,1968,38.74028,-7.27,"(38.740280, -7.270000)"
Graves Nunataks 95200,25066.1,1995,-86.71667,-141.5,"(-86.716670, -141.500000)"
Sayh al Uhaymir 266,25014,2002,20.70713,57.18317,"(20.707130, 57.183170)"
Benguerir,25000,2004,32.25,-8.15,"(32.250000, -8.150000)"
Bilanga,25000,1999,12.45,-0.08333,"(12.450000, -0.083330)"
Bursa,25000,1946,40.2,29.23333,"(40.200000, 29.233330)"
Cabezo de Mayo,25000,1870,37.98333,-1.16667,"(37.983330, -1.166670)"
Wold Cottage,25000,1795,54.13667,-0.41333,"(54.136670, -0.413330)"
Apache Junction,25000,,33.45,-111.51667,"(33.450000, -111.516670)"
Camel Donga,25000,1984,-30.31667,126.61667,"(-30.316670, 126.616670)"
Casimiro de Abreu,25000,1947,-22.46667,-42.21667,"(-22.466670, -42.216670)"
Dhofar 1722,25000,2010,19.08188,54.71472,"(19.081880, 54.714720)"
Dhofar 379,25000,2000,19.0084,54.76913,"(19.008400, 54.769130)"
Four Corners,25000,1924,37,-109.05,"(37.000000, -109.050000)"
Nashville (stone),25000,1939,37.45,-98.41667,"(37.450000, -98.416670)"
Northwest Africa 4293,25000,2005,,,
Northwest Africa 6108,25000,2004,0,0,"(0.000000, 0.000000)"
Pampa (c),25000,1986,-23.2,-70.43333,"(-23.200000, -70.433330)"
Taiban,25000,1934,34.45,-104.01667,"(34.450000, -104.016670)"
Burgavli,24900,1941,66.4,137.46667,"(66.400000, 137.466670)"
Meester-Cornelis,24750,1915,-6.23333,106.88333,"(-6.233330, 106.883330)"
Rasgrad,24700,1740,43.5,26.53333,"(43.500000, 26.533330)"
Billings,24500,1903,37.06667,-93.55,"(37.066670, -93.550000)"
Oroville,24500,1893,39.68333,-121.63333,"(39.683330, -121.633330)"
Salaices,24500,1971,27,-105.25,"(27.000000, -105.250000)"
Taoudenni,24370,2007,22.79167,-3.96667,"(22.791670, -3.966670)"
Veliko-Nikolaevsky Priisk,24267,1902,53.83333,97.33333,"(53.833330, 97.333330)"
Aïr,24000,1925,19.08333,8.38333,"(19.083330, 8.383330)"
Cleo Springs,24000,1960,36.43333,-98.43333,"(36.433330, -98.433330)"
Hammond,24000,1884,44.91667,-92.43333,"(44.916670, -92.433330)"
Northwest Africa 6408,24000,2008,0,0,"(0.000000, 0.000000)"
Northwest Africa 6621,24000,2011,0,0,"(0.000000, 0.000000)"
Winona,24000,1928,35.2,-111.4,"(35.200000, -111.400000)"
Galatia,23900,1971,38.64167,-98.88333,"(38.641670, -98.883330)"
Campos Sales,23680,1991,-7.03333,-40.16667,"(-7.033330, -40.166670)"
Northwest Africa 7514,23620,2005,0,0,"(0.000000, 0.000000)"
Wayside,23600,1973,34.80167,-101.68333,"(34.801670, -101.683330)"
Cachari,23500,1916,-36.4,-59.5,"(-36.400000, -59.500000)"
Perpeti,23474,1935,23.325,91,"(23.325000, 91.000000)"
Waltman,23410,1948,43,-107.16667,"(43.000000, -107.166670)"
Lake Brown,23400,1919,-31,118.5,"(-31.000000, 118.500000)"
Sharon Springs,23400,1983,38.77083,-101.79833,"(38.770830, -101.798330)"
Pillistfer,23250,1863,58.66667,25.73333,"(58.666670, 25.733330)"
Nakhon Pathom,23200,1923,13.73333,100.08333,"(13.733330, 100.083330)"
Fuhe,23000,1945,31.47556,113.56694,"(31.475560, 113.566940)"
Cruz del Aire,23000,1911,26.5,-100,"(26.500000, -100.000000)"
Isna,23000,1970,24.83333,31.66667,"(24.833330, 31.666670)"
Kaufman,23000,1893,32.58333,-96.41667,"(32.583330, -96.416670)"
Norfolk,23000,1907,36.9,-76.3,"(36.900000, -76.300000)"
Mount Sir Charles,22900,1942,-23.83333,134.03333,"(-23.833330, 134.033330)"
Mezö-Madaras,22700,1852,46.5,25.73333,"(46.500000, 25.733330)"
Duchesne,22700,1906,40.38333,-110.86667,"(40.383330, -110.866670)"
Forsyth County,22700,1891,36.1,-80.2,"(36.100000, -80.200000)"
Gun Creek,22700,1909,34,-111,"(34.000000, -111.000000)"
Shirahagi,22700,1890,36.7,137.36667,"(36.700000, 137.366670)"
Wooster,22700,1858,40.76667,-81.95,"(40.766670, -81.950000)"
Adrian,22600,1936,35.15,-102.71667,"(35.150000, -102.716670)"
Turtle River,22390,1953,47.6,-94.76667,"(47.600000, -94.766670)"
Mangwendi,22300,1934,-17.65,31.6,"(-17.650000, 31.600000)"
Maltahöhe,22270,1991,-24.91667,16.98333,"(-24.916670, 16.983330)"
Hammadah al Hamra 087,22114,1995,28.59583,13.269,"(28.595830, 13.269000)"
Gualeguaychú,22000,1932,-33,-58.61667,"(-33.000000, -58.616670)"
Karkh,22000,1905,27.8,67.16667,"(27.800000, 67.166670)"
Baquedano,22000,1932,-23.3,-69.88333,"(-23.300000, -69.883330)"
Elephant Moraine 92193,22000,1992,-76.04222,155.94038,"(-76.042220, 155.940380)"
Mount Egerton,22000,1941,-24.76667,117.7,"(-24.766670, 117.700000)"
Northwest Africa 1796,22000,2002,,,
Northwest Africa 4036,22000,2005,,,
Picacho,22000,1952,33.2,-105,"(33.200000, -105.000000)"
Queen Alexandra Range 99001,22000,1999,-84,168,"(-84.000000, 168.000000)"
Saint Augustine,22000,1974,40.71667,-90.41667,"(40.716670, -90.416670)"
Tostado,22000,1945,-29.23333,-61.76667,"(-29.233330, -61.766670)"
Toubil River,22000,1891,55.88333,89.1,"(55.883330, 89.100000)"
Friona,21900,1981,34.54,-102.56833,"(34.540000, -102.568330)"
Hebron,21820,1965,40.16667,-97.6,"(40.166670, -97.600000)"
Duel Hill (1854),21800,1854,35.85,-82.7,"(35.850000, -82.700000)"
Kargapole,21800,1961,55.88333,64.3,"(55.883330, 64.300000)"
Lahoma,21800,1963,36.38333,-98.08333,"(36.383330, -98.083330)"
Altonah,21500,1932,40.56667,-110.48333,"(40.566670, -110.483330)"
Schwetz,21500,1850,53.4,18.45,"(53.400000, 18.450000)"
Miller Range 05002,21490,2005,,,
Jiddat al Harasis 317,21472,2001,19.36312,55.55723,"(19.363120, 55.557230)"
Twodot,21400,1999,46.7,-110.13333,"(46.700000, -110.133330)"
Flandreau,21360,1983,44.04833,-96.59167,"(44.048330, -96.591670)"
Dhofar 007,21270,1999,18.335,54.18167,"(18.335000, 54.181670)"
Bolivia,21250,1896,,,
Abbott,21100,1951,36.3,-104.28333,"(36.300000, -104.283330)"
Northwest Africa 3172,21029,,,,
Bath,21000,1892,45.41667,-98.31667,"(45.416670, -98.316670)"
Tauti,21000,1937,46.71667,23.5,"(46.716670, 23.500000)"
Efremovka,21000,1962,52.5,77,"(52.500000, 77.000000)"
Kendall County,21000,1887,29.4,-98.5,"(29.400000, -98.500000)"
De Hoek,20930,1960,-29.38333,23.1,"(-29.383330, 23.100000)"
Artracoona,20810,1914,-29.06667,139.91667,"(-29.066670, 139.916670)"
Twannberg,20689,1984,47.12444,7.17889,"(47.124440, 7.178890)"
Lone Tree,20676,1971,41.5,-91.47917,"(41.500000, -91.479170)"
Meteorite Hills A78028,20657,1978,-79.68333,155.75,"(-79.683330, 155.750000)"
Northwest Africa 6931,20620,2007,0,0,"(0.000000, 0.000000)"
Cerro del Inca,20600,1997,-22.21667,-68.90833,"(-22.216670, -68.908330)"
Jartai,20500,1979,39.7,105.8,"(39.700000, 105.800000)"
Dar al Gani 741,20500,1998,27.08167,16.28333,"(27.081670, 16.283330)"
Lucky Hill,20500,1885,17.9,-77.63333,"(17.900000, -77.633330)"
Cumulus Hills 04068,20425,2003,,,
Glasgow,20400,1922,37.01667,-85.91667,"(37.016670, -85.916670)"
Conquista,20350,1965,-19.85,-47.55,"(-19.850000, -47.550000)"
Allan Hills A76001,20151,1976,-76.75,159.33333,"(-76.750000, 159.333330)"
Koltsovo,20020,2004,54.7505,36.978,"(54.750500, 36.978000)"
Ergheo,20000,1889,1.16667,44.16667,"(1.166670, 44.166670)"
Hessle,20000,1869,59.85,17.66667,"(59.850000, 17.666670)"
Ourique,20000,1998,37.60833,-8.28,"(37.608330, -8.280000)"
Seoni,20000,1966,21.68389,79.50083,"(21.683890, 79.500830)"
Tjabe,20000,1869,-7.08333,111.53333,"(-7.083330, 111.533330)"
Uzcudun,20000,1948,-44.11667,-66.15,"(-44.116670, -66.150000)"
Vouillé,20000,1831,46.63333,0.16667,"(46.633330, 0.166670)"
Yangchiang,20000,1954,21.83333,111.83333,"(21.833330, 111.833330)"
Alikatnima,20000,1931,-23.33333,134.11667,"(-23.333330, 134.116670)"
Anthony,20000,1919,37.08333,-98.05,"(37.083330, -98.050000)"
Bristol,20000,1937,36.56667,-82.18333,"(36.566670, -82.183330)"
Copiapo,20000,1863,-27.3,-70.4,"(-27.300000, -70.400000)"
Lime Creek,20000,1834,31.55,-87.51667,"(31.550000, -87.516670)"
New Baltimore,20000,1922,40,-78.85,"(40.000000, -78.850000)"
New Leipzig,20000,1936,46.36667,-101.95,"(46.366670, -101.950000)"
Nocoleche,20000,1895,-29.86667,144.21667,"(-29.866670, 144.216670)"
Northwest Africa 3094,20000,2003,,,
Northwest Africa 4664,20000,2006,,,
Northwest Africa 515,20000,2000,,,
Northwest Africa 756,20000,2000,,,
Northwest Africa 7751,20000,2010,0,0,"(0.000000, 0.000000)"
Reed City,20000,1895,43.86667,-85.51667,"(43.866670, -85.516670)"
Sayh al Uhaymir 504,20000,2010,20.38333,56.76667,"(20.383330, 56.766670)"
Taicang,20000,1928,31.5,121.08333,"(31.500000, 121.083330)"
Mulga (north),19900,1964,-30.18333,126.36667,"(-30.183330, 126.366670)"
Tysnes Island,19860,1884,60,5.61667,"(60.000000, 5.616670)"
La Villa,19800,1956,26.27167,-97.90167,"(26.271670, -97.901670)"
Northwest Africa 4488,19740,2005,,,
Comanche (iron),19700,1940,32.01667,-98.7,"(32.016670, -98.700000)"
Horace,19700,1940,38.35,-101.78333,"(38.350000, -101.783330)"
Twentynine Palms,19700,1944,34.075,-116.01667,"(34.075000, -116.016670)"
Two Buttes (a),19700,1962,37.63333,-102.41667,"(37.633330, -102.416670)"
Colton,19670,1993,46.57056,-117.09861,"(46.570560, -117.098610)"
Cocklebiddy,19500,1949,-31.93333,126.21667,"(-31.933330, 126.216670)"
Los Reyes,19500,1897,19.26667,-97.28333,"(19.266670, -97.283330)"
Pan de Azucar,19500,1887,-26.5,-69.5,"(-26.500000, -69.500000)"
Hammadah al Hamra 001,19418,1990,29,12.23333,"(29.000000, 12.233330)"
Acfer 336,19400,2002,27.61667,4.06667,"(27.616670, 4.066670)"
Arcadia,19400,1937,41.41667,-99.1,"(41.416670, -99.100000)"
Farley,19400,1936,36.33333,-104.05,"(36.333330, -104.050000)"
Souslovo,19300,1997,55.4295,55.78727,"(55.429500, 55.787270)"
Coolac,19280,1874,-34.96667,148.125,"(-34.966670, 148.125000)"
New Orleans,19256,2003,29.94718,-90.10976,"(29.947180, -90.109760)"
Norquín,19250,1945,-37.71667,-70.61667,"(-37.716670, -70.616670)"
Northwest Africa 2877,19200,2003,,,
Cumulus Hills 04064,19195,2003,,,
Arapahoe,19083,1940,38.8,-102.2,"(38.800000, -102.200000)"
Purgatory Peak A77006,19068,1977,-77.33333,162.3,"(-77.333330, 162.300000)"
Asuka 87034,19064.5,1987,-72,26,"(-72.000000, 26.000000)"
Littlerock,19050,1979,34.51667,-117.98333,"(34.516670, -117.983330)"
Beni M'hira,19000,2001,32.86667,10.8,"(32.866670, 10.800000)"
Kilabo,19000,2002,12.76667,9.8,"(12.766670, 9.800000)"
Mauerkirchen,19000,1768,48.18333,13.13333,"(48.183330, 13.133330)"
Big Rock Donga,19000,1970,-30.55,130.96667,"(-30.550000, 130.966670)"
Emsland,19000,1940,53.1,7.2,"(53.100000, 7.200000)"
Meteorite Hills 01005,19000,2001,-79.68333,159.75,"(-79.683330, 159.750000)"
Vulcan,19000,1962,50.51667,-113.13333,"(50.516670, -113.133330)"
Susuman,18900,1957,62.72139,148.13028,"(62.721390, 148.130280)"
Dar al Gani 779,18800,1999,26.99233,16.4375,"(26.992330, 16.437500)"
Franceville,18800,1890,38.81667,-104.61667,"(38.816670, -104.616670)"
Kifkakhsyagan,18800,1972,64.4,172.7,"(64.400000, 172.700000)"
Shelburne,18600,1904,44.05,-80.16667,"(44.050000, -80.166670)"
Derrick Peak A78005,18600,1978,-80.06667,156.38333,"(-80.066670, 156.383330)"
Northwest Africa 5232,18535,2008,,,
Dar al Gani 955,18500,1999,27.13183,16.20767,"(27.131830, 16.207670)"
Burns,18400,2003,39.86667,-106.88333,"(39.866670, -106.883330)"
Coldwater (iron),18400,1923,37.26667,-99.33333,"(37.266670, -99.333330)"
Polujamki,18350,1971,52.1,79.7,"(52.100000, 79.700000)"
Chajari,18300,1933,-30.78333,-58.05,"(-30.783330, -58.050000)"
Mud Dry Lake,18255,2002,37.8594,-117.02097,"(37.859400, -117.020970)"
Ramlat as Sahmah 202,18250,2002,20.00552,56.41628,"(20.005520, 56.416280)"
Morrow County,18200,1999,45.5,-119.5,"(45.500000, -119.500000)"
Northwest Africa 4220,18200,2004,,,
Rafrüti,18200,1886,47,7.83333,"(47.000000, 7.833330)"
Yamato 793235,18126,1979,-71.5,35.66667,"(-71.500000, 35.666670)"
Arltunga,18100,1908,-23.33333,134.66667,"(-23.333330, 134.666670)"
Bachmut,18000,1814,48.6,38,"(48.600000, 38.000000)"
Béréba,18000,1924,11.65,-3.65,"(11.650000, -3.650000)"
Dahmani,18000,1981,35.61667,8.83333,"(35.616670, 8.833330)"
Girgenti,18000,1853,37.31667,13.56667,"(37.316670, 13.566670)"
Palinshih,18000,1914,43.48333,118.61667,"(43.483330, 118.616670)"
Park Forest,18000,2003,41.48472,-87.67917,"(41.484720, -87.679170)"
Zagami,18000,1962,11.73333,7.08333,"(11.733330, 7.083330)"
Caddo County,18000,1987,35,-98.33333,"(35.000000, -98.333330)"
Maria da Fé,18000,1987,-22.3,-45.36667,"(-22.300000, -45.366670)"
Nashville (iron),18000,1934,35.96667,-77.96667,"(35.966670, -77.966670)"
Northwest Africa 1797,18000,2002,,,
Northwest Africa 2488,18000,2003,,,
Northwest Africa 7336,18000,2012,0,0,"(0.000000, 0.000000)"
Pecora Escarpment 91009,18000,1991,-85.6882,-68.33784,"(-85.688200, -68.337840)"
Point of Rocks (iron),18000,1956,36.5,-104.5,"(36.500000, -104.500000)"
Verkhne Udinsk,18000,1854,54.76667,113.98333,"(54.766670, 113.983330)"
Dhofar 1511,17973,2009,18.63988,54.248,"(18.639880, 54.248000)"
Andura,17900,1939,20.88333,76.86667,"(20.883330, 76.866670)"
Pinto Mountains,17900,1954,34,-115.78333,"(34.000000, -115.783330)"
Piñon,17850,1928,32.66667,-105.1,"(32.666670, -105.100000)"
Duncanville,17800,1961,32.63333,-96.86667,"(32.633330, -96.866670)"
Allan Hills A81013,17727,1981,-76.74756,158.84338,"(-76.747560, 158.843380)"
Tulia (d),17700,1981,34.60667,-101.76667,"(34.606670, -101.766670)"
Shişr 010,17604,2001,18.55,53.97,"(18.550000, 53.970000)"
Fisher,17600,1894,47.81667,-96.85,"(47.816670, -96.850000)"
Hambleton,17600,2005,54.24028,-1.19889,"(54.240280, -1.198890)"
Roundup,17590,1990,46.78333,-108.56667,"(46.783330, -108.566670)"
Alvord,17500,1976,43.32222,-96.28889,"(43.322220, -96.288890)"
Perryville,17500,1906,37.73333,-89.85,"(37.733330, -89.850000)"
Sargiin Gobi,17500,1964,45.9835,105.75883,"(45.983500, 105.758830)"
Shaw,17500,1937,39.53333,-103.33333,"(39.533330, -103.333330)"
Quija,17450,1990,44.61667,126.13333,"(44.616670, 126.133330)"
Reliegos,17300,1947,42.475,-5.33333,"(42.475000, -5.333330)"
Springlake,17300,1980,34.34444,-102.22361,"(34.344440, -102.223610)"
El Paso de Aguila,17226,1977,25.37,-97.37,"(25.370000, -97.370000)"
N'Kandhla,17200,1912,-28.56667,30.7,"(-28.566670, 30.700000)"
Romero,17200,1938,35.76667,-102.95,"(35.766670, -102.950000)"
Sone,17100,1866,35.16667,135.33333,"(35.166670, 135.333330)"
Cumberland Falls,17000,1919,36.83333,-84.35,"(36.833330, -84.350000)"
Lost City,17000,1970,36.00833,-95.15,"(36.008330, -95.150000)"
Mount Vaisi,17000,1637,44.08333,6.86667,"(44.083330, 6.866670)"
Naoki,17000,1928,19.25,77,"(19.250000, 77.000000)"
Oum Dreyga,17000,2003,24.3,-13.1,"(24.300000, -13.100000)"
St. Michel,17000,1910,61.65,27.2,"(61.650000, 27.200000)"
Benthullen,17000,1951,53.05,8.1,"(53.050000, 8.100000)"
Brewster,17000,1940,39.25,-101.33333,"(39.250000, -101.333330)"
Carichic,17000,1983,27.93333,-107.05,"(27.933330, -107.050000)"
Conception Junction,17000,2006,40.266667,-94.683333,"(40.266667, -94.683333)"
Klamath Falls,17000,1952,42.16667,-121.85,"(42.166670, -121.850000)"
Northwest Africa 1951,17000,2003,,,
Teplá,17000,1909,49.98333,12.86667,"(49.983330, 12.866670)"
Lamesa,16900,1981,32.88333,-101.88333,"(32.883330, -101.883330)"
Snyder,16900,1983,32.71667,-100.91667,"(32.716670, -100.916670)"
Jiddat al Harasis 355,16879.1,2003,19.35885,55.54843,"(19.358850, 55.548430)"
Kasauli,16820,2003,29.58333,77.58333,"(29.583330, 77.583330)"
Coopertown,16800,1860,36.43333,-87,"(36.433330, -87.000000)"
Ban Rong Du,16700,1993,16.66667,101.18333,"(16.666670, 101.183330)"
Miller (Arkansas),16700,1930,35.4,-92.05,"(35.400000, -92.050000)"
Emery,16700,1962,43.56333,-97.58333,"(43.563330, -97.583330)"
